<?xml version='1.0' encoding='UTF-8'?>
<content xmlns:SOAP-ENV="http://schemas.xmlsoap.org/soap/envelope/" xmlns:SOAP-ENC="http://schemas.xmlsoap.org/soap/encoding/" xmlns:xsi="http://www.w3.org/2001/XMLSchema-instance" xmlns:xsd="http://www.w3.org/2001/XMLSchema" xmlns:bus="http://developer.cognos.com/schemas/bibus/3/" xmlns:cm="http://developer.cognos.com/schemas/bibus/3/">
	<cmBuildNumber>11.3.2.27</cmBuildNumber>
	<edition>Enterprise</edition>
	<archiveVersion>7</archiveVersion>
	<exportedPackages>
		<item>
			<filename>package1.xml</filename>
			<searchPath>storeID(&apos;i18652493AFB04DB9855893F23156E6B8&apos;)</searchPath>
			<objectClass>folder</objectClass>
			<name>
				<item>
					<locale xsi:type="xsd:string">en</locale>
					<value xsi:type="xsd:string">PMDash</value>
				</item>
			</name>
		</item>
	</exportedPackages>
	<plugins>
		<item>
			<pluginName>CM_FixMonitorOptionGUID</pluginName>
			<pluginVersion>1.001</pluginVersion>
		</item>
		<item>
			<pluginName>CM_internal</pluginName>
			<pluginVersion>11.034</pluginVersion>
		</item>
		<item>
			<pluginName>CM_FixLicenseRoles</pluginName>
			<pluginVersion>1.005</pluginVersion>
		</item>
		<item>
			<pluginName>CM_DashboardPackageCapabilities</pluginName>
			<pluginVersion>1.001</pluginVersion>
		</item>
		<item>
			<pluginName>QS_QSMiniQuery</pluginName>
			<pluginVersion>2.002</pluginVersion>
		</item>
		<item>
			<pluginName>CM_UpgradeDataSetFormat</pluginName>
			<pluginVersion>1.001</pluginVersion>
		</item>
		<item>
			<pluginName>CPS_UpgradePortletNames</pluginName>
			<pluginVersion>3.004</pluginVersion>
		</item>
		<item>
			<pluginName>CPS_portalPage</pluginName>
			<pluginVersion>3.002</pluginVersion>
		</item>
		<item>
			<pluginName>CPS_UpgradeCogadminTabSequence</pluginName>
			<pluginVersion>3.006</pluginVersion>
		</item>
		<item>
			<pluginName>CM_InitMessages</pluginName>
			<pluginVersion>10.004</pluginVersion>
		</item>
		<item>
			<pluginName>FM_Model</pluginName>
			<pluginVersion>3.001</pluginVersion>
		</item>
		<item>
			<pluginName>CM_FixTenantsContentConflictResolutionOption</pluginName>
			<pluginVersion>1.001</pluginVersion>
		</item>
		<item>
			<pluginName>CPS_UpgradePortletNamesColorado</pluginName>
			<pluginVersion>3.005</pluginVersion>
		</item>
		<item>
			<pluginName>CM_RemoveLegacyCanUseDashboardViewerFileManagementCapability</pluginName>
			<pluginVersion>1.001</pluginVersion>
		</item>
		<item>
			<pluginName>CM_internal_Optional</pluginName>
			<pluginVersion>5.003</pluginVersion>
		</item>
		<item>
			<pluginName>CM_FixContentTaskOptionType</pluginName>
			<pluginVersion>1.001</pluginVersion>
		</item>
		<item>
			<pluginName>CM_UpgradeExecutionPrompt</pluginName>
			<pluginVersion>1.001</pluginVersion>
		</item>
		<item>
			<pluginName>CPS_UpgradeCogadminTabSequenceDanube</pluginName>
			<pluginVersion>3.007</pluginVersion>
		</item>
		<item>
			<pluginName>CONFIG_DeployUiTheme</pluginName>
			<pluginVersion>11.1</pluginVersion>
		</item>
		<item>
			<pluginName>RSpecUpgrade_RSpecUpgrade</pluginName>
			<pluginVersion>14.0</pluginVersion>
		</item>
		<item>
			<pluginName>CPS_WSRPPortletToFragmentUpgrade</pluginName>
			<pluginVersion>3.003</pluginVersion>
		</item>
		<item>
			<pluginName>CPS_UpgradePortletNamesDanube</pluginName>
			<pluginVersion>3.008</pluginVersion>
		</item>
		<item>
			<pluginName>CPS_UpgradePortletsTitan</pluginName>
			<pluginVersion>3.009</pluginVersion>
		</item>
		<item>
			<pluginName>ANS_ANSHighLeveSpec</pluginName>
			<pluginVersion>2.002</pluginVersion>
		</item>
	</plugins>
</content>
