<?xml version='1.0' encoding='UTF-8'?>
<archive xmlns:SOAP-ENV="http://schemas.xmlsoap.org/soap/envelope/" xmlns:SOAP-ENC="http://schemas.xmlsoap.org/soap/encoding/" xmlns:xsd="http://www.w3.org/2001/XMLSchema" xmlns:xsi="http://www.w3.org/2001/XMLSchema-instance" xmlns:bus="http://developer.cognos.com/schemas/bibus/3/" xmlns:cm="http://developer.cognos.com/schemas/bibus/3/">
<!-- CM Build=11.3.2.27 -->
  <objects>
	<object>
		<class>folder</class>
		<name>8e303951fd4d72867ed2d635ec40c52b547b29d7</name>
		<id>1</id>
		<parentId>0</parentId>
		<storeID>iDE4E6FF822204FC39035102E4B394790</storeID>
		<props>
			<creationTime>
				<value>2024-05-03T03:55:49.892Z</value>
			</creationTime>
			<modificationTime>
				<value>2024-05-03T03:55:49.933Z</value>
			</modificationTime>
			<name>
				<value><item><locale xsi:type="xsd:string">en</locale><value xsi:type="xsd:string">8e303951fd4d72867ed2d635ec40c52b547b29d7</value></item>
</value>
			</name>
			<owner>
				<value><item><searchPath xsi:type="cm:stringProp">
	<value xsi:type="xsd:string" xml:space="preserve">CAMID("jwt:u:cpadmin")</value>
</searchPath>
<storeID xsi:type="cm:guidProp">
	<value xsi:type="cm:guid" xml:space="preserve">xand0OnU6Y3BhZG1pbg__</value>
</storeID></item>
</value>
			</owner>
			<tenantID>
				<value></value>
			</tenantID>
			<displaySequence>
				<value>0</value>
			</displaySequence>
			<hidden>
				<value>false</value>
			</hidden>
			<viewed>
				<value>false</value>
			</viewed>
		</props>
	</object>
	<object>
		<class>folder</class>
		<name>palettes</name>
		<id>2</id>
		<parentId>1</parentId>
		<storeID>iF7DDAC391E4949F89F02535BB8C04ECF</storeID>
		<props>
			<creationTime>
				<value>2024-05-03T03:55:49.933Z</value>
			</creationTime>
			<modificationTime>
				<value>2024-06-13T19:19:02.400Z</value>
			</modificationTime>
			<name>
				<value><item><locale xsi:type="xsd:string">en</locale><value xsi:type="xsd:string">palettes</value></item>
</value>
			</name>
			<owner>
				<value><item><searchPath xsi:type="cm:stringProp">
	<value xsi:type="xsd:string" xml:space="preserve">CAMID("jwt:u:cpadmin")</value>
</searchPath>
<storeID xsi:type="cm:guidProp">
	<value xsi:type="cm:guid" xml:space="preserve">xand0OnU6Y3BhZG1pbg__</value>
</storeID></item>
</value>
			</owner>
			<tenantID>
				<value></value>
			</tenantID>
			<displaySequence>
				<value>0</value>
			</displaySequence>
			<hidden>
				<value>false</value>
			</hidden>
			<viewed>
				<value>false</value>
			</viewed>
		</props>
	</object>
	<object>
		<class>genericDocument</class>
		<name>8e3e736c639e4ee58c6b7f96ab52ffab</name>
		<id>3</id>
		<parentId>2</parentId>
		<storeID>i4F294CA5C2B04253B1944DCCE7279D75</storeID>
		<props>
			<creationTime>
				<value>2024-06-13T19:18:43.261Z</value>
			</creationTime>
			<modificationTime>
				<value>2024-06-13T19:20:24.391Z</value>
			</modificationTime>
			<name>
				<value><item><locale xsi:type="xsd:string">en</locale><value xsi:type="xsd:string">8e3e736c639e4ee58c6b7f96ab52ffab</value></item>
</value>
			</name>
			<owner>
				<value><item><searchPath xsi:type="cm:stringProp">
	<value xsi:type="xsd:string" xml:space="preserve">CAMID("jwt:u:cpadmin")</value>
</searchPath>
<storeID xsi:type="cm:guidProp">
	<value xsi:type="cm:guid" xml:space="preserve">xand0OnU6Y3BhZG1pbg__</value>
</storeID></item>
</value>
			</owner>
			<tenantID>
				<value></value>
			</tenantID>
			<screenTip>
				<value><item><locale xsi:type="xsd:string">en</locale><value xsi:type="xsd:string">Severity</value></item>
</value>
			</screenTip>
			<displaySequence>
				<value>0</value>
			</displaySequence>
			<hidden>
				<value>false</value>
			</hidden>
			<viewed>
				<value>false</value>
			</viewed>
			<documentID>
				<value>8e3e736c639e4ee58c6b7f96ab52ffab</value>
			</documentID>
			<documentType>
				<value>ibm.bi.cm.genericDocument.palette</value>
			</documentType>
			<content>
				<value>{"fillType":"continuous","label":"Severity","fills":[{"at":0,"fill":"#6929C4"},{"at":0.2,"fill":"#0043CE"},{"at":0.4,"fill":"#33B1FF"},{"at":0.6000000000000001,"fill":"#FDDC69"},{"at":0.8,"fill":"#FF832B"},{"at":1,"fill":"#DA1E28"}]}</value>
			</content>
		</props>
	</object>
	<object>
		<class>genericDocument</class>
		<name>b970b8dbf75747c3853279245eef8809</name>
		<id>4</id>
		<parentId>2</parentId>
		<storeID>iD496490CCB6D4655989A91C7AEF7730C</storeID>
		<props>
			<creationTime>
				<value>2024-05-07T12:46:44.479Z</value>
			</creationTime>
			<modificationTime>
				<value>2024-06-13T13:43:45.763Z</value>
			</modificationTime>
			<name>
				<value><item><locale xsi:type="xsd:string">en</locale><value xsi:type="xsd:string">b970b8dbf75747c3853279245eef8809</value></item>
</value>
			</name>
			<owner>
				<value><item><searchPath xsi:type="cm:stringProp">
	<value xsi:type="xsd:string" xml:space="preserve">CAMID("jwt:u:cpadmin")</value>
</searchPath>
<storeID xsi:type="cm:guidProp">
	<value xsi:type="cm:guid" xml:space="preserve">xand0OnU6Y3BhZG1pbg__</value>
</storeID></item>
</value>
			</owner>
			<tenantID>
				<value></value>
			</tenantID>
			<screenTip>
				<value><item><locale xsi:type="xsd:string">en</locale><value xsi:type="xsd:string">Blue</value></item>
</value>
			</screenTip>
			<displaySequence>
				<value>0</value>
			</displaySequence>
			<hidden>
				<value>false</value>
			</hidden>
			<viewed>
				<value>false</value>
			</viewed>
			<documentID>
				<value>b970b8dbf75747c3853279245eef8809</value>
			</documentID>
			<documentType>
				<value>ibm.bi.cm.genericDocument.palette</value>
			</documentType>
			<content>
				<value>{"fillType":"simple","label":"Blue","fills":["#0043CE","#A6C8FF","#0F62FE","#A6C8FF","#33B1FF","#1192E8","#EDF5FF","#D0E2FF","#82CFFF"]}</value>
			</content>
		</props>
	</object>
	<object>
		<class>genericDocument</class>
		<name>68ba1968ce2849bd9fa41e0200d81a81</name>
		<id>5</id>
		<parentId>2</parentId>
		<storeID>i4783E8A3E0CF4E06B13E061F925AA748</storeID>
		<props>
			<creationTime>
				<value>2024-05-03T13:55:51.731Z</value>
			</creationTime>
			<modificationTime>
				<value>2024-05-10T14:29:55.341Z</value>
			</modificationTime>
			<name>
				<value><item><locale xsi:type="xsd:string">en</locale><value xsi:type="xsd:string">68ba1968ce2849bd9fa41e0200d81a81</value></item>
</value>
			</name>
			<owner>
				<value><item><searchPath xsi:type="cm:stringProp">
	<value xsi:type="xsd:string" xml:space="preserve">CAMID("jwt:u:cpadmin")</value>
</searchPath>
<storeID xsi:type="cm:guidProp">
	<value xsi:type="cm:guid" xml:space="preserve">xand0OnU6Y3BhZG1pbg__</value>
</storeID></item>
</value>
			</owner>
			<tenantID>
				<value></value>
			</tenantID>
			<screenTip>
				<value><item><locale xsi:type="xsd:string">en</locale><value xsi:type="xsd:string">Alert sev</value></item>
</value>
			</screenTip>
			<displaySequence>
				<value>0</value>
			</displaySequence>
			<hidden>
				<value>false</value>
			</hidden>
			<viewed>
				<value>false</value>
			</viewed>
			<documentID>
				<value>68ba1968ce2849bd9fa41e0200d81a81</value>
			</documentID>
			<documentType>
				<value>ibm.bi.cm.genericDocument.palette</value>
			</documentType>
			<content>
				<value>{"fillType":"simple","label":"Alert sev","fills":["#31135E","#002D9C","#78A9FF","#FDDC69","#FF832B","#DA1E28","#DA1E28"]}</value>
			</content>
		</props>
	</object>
  </objects>
</archive>
